Date;Time;CM_FI_INY02.DACA.PV;CM_FI_INY03.DACA.PV;CM_FI_INY08.DACA.PV;CM_FI_INY07.DACA.PV
6/27/2022;3:00:00 PM;29883.83;7800.99;60073.96;8444.92
6/27/2022;2:00:00 PM;29884.02;7870.10;60177.81;8462.79
6/27/2022;1:00:00 PM;29702.08;7979.86;59889.50;8490.59
6/27/2022;12:00:00 PM;27970.13;7284.31;56322.77;8313.90
6/27/2022;11:00:00 AM;28142.93;7519.52;57106.15;8354.57
6/27/2022;10:00:00 AM;29878.20;7877.04;60328.06;8494.45
6/27/2022;9:00:00 AM;29955.03;7974.48;60586.88;8427.21
6/27/2022;8:00:00 AM;29169.93;7803.57;59051.65;8523.24
6/27/2022;7:00:00 AM;28202.82;7579.48;57637.25;8405.78
6/27/2022;6:00:00 AM;29805.25;7912.76;60315.48;8495.82
6/27/2022;5:00:00 AM;29762.66;7974.76;60166.12;8476.13
6/27/2022;4:00:00 AM;29714.85;7948.89;60189.37;8530.15
6/27/2022;3:00:00 AM;29860.04;7930.44;60365.88;8482.98
6/27/2022;2:00:00 AM;29755.94;7994.77;60369.16;8480.94
6/27/2022;1:00:00 AM;29806.17;8044.96;60406.96;8402.75
6/27/2022;12:00:00 AM;29542.43;7966.13;60088.08;8376.83
6/26/2022;11:00:00 PM;28737.07;7633.36;58520.84;8345.11
6/26/2022;10:00:00 PM;28758.86;7510.21;58383.81;8351.48
6/26/2022;9:00:00 PM;28559.71;7547.97;58476.25;8385.68
6/26/2022;8:00:00 PM;28724.77;7558.49;58661.09;8433.11
6/26/2022;7:00:00 PM;28212.91;7406.54;57771.61;8420.49
6/26/2022;6:00:00 PM;27139.60;7057.55;46502.14;8261.95
6/26/2022;5:00:00 PM;27953.78;7210.20;56382.34;8349.79
6/26/2022;4:00:00 PM;29202.42;7869.62;59626.29;8413.36
6/26/2022;3:00:00 PM;29997.39;7975.50;60608.76;8481.80
6/26/2022;2:00:00 PM;29814.07;8105.62;60615.70;8518.91
6/26/2022;1:00:00 PM;29620.40;8126.94;60320.10;8499.86
6/26/2022;12:00:00 PM;29571.57;7904.73;60556.14;8534.70
6/26/2022;11:00:00 AM;29732.21;7936.31;60572.35;8497.66
6/26/2022;10:00:00 AM;29710.23;7927.83;60447.16;8495.34
6/26/2022;9:00:00 AM;29773.52;8010.16;60541.55;8482.76
6/26/2022;8:00:00 AM;29854.05;7861.53;60740.98;8542.95
6/26/2022;7:00:00 AM;29386.72;7974.96;59667.32;8476.48
6/26/2022;6:00:00 AM;28521.32;7670.48;58216.64;8347.75
6/26/2022;5:00:00 AM;28485.87;7663.92;58137.58;8444.70
6/26/2022;4:00:00 AM;28765.00;7775.53;58799.75;8356.67
6/26/2022;3:00:00 AM;29720.17;8036.83;60813.70;8541.90
6/26/2022;2:00:00 AM;28854.51;7816.35;59135.62;8479.06
6/26/2022;1:00:00 AM;27884.44;7481.44;57224.46;8293.99
6/26/2022;12:00:00 AM;29090.17;7903.36;59970.28;8402.50
6/25/2022;11:00:00 PM;29120.94;7892.88;59730.61;8440.05
6/25/2022;10:00:00 PM;28045.78;7744.11;57454.19;8380.84
6/25/2022;9:00:00 PM;28519.92;7844.45;56453.38;8445.88
6/25/2022;8:00:00 PM;29919.38;8164.57;58901.21;8537.41
6/25/2022;7:00:00 PM;29614.73;8168.80;58223.43;8549.45
6/25/2022;6:00:00 PM;27860.36;7556.16;54998.65;8347.53
6/25/2022;5:00:00 PM;27999.30;7536.85;55175.47;8356.61
6/25/2022;4:00:00 PM;27834.30;7484.41;54964.82;8288.32
6/25/2022;3:00:00 PM;29544.72;8059.80;58159.52;8394.28
6/25/2022;2:00:00 PM;27584.25;7227.66;54249.77;8247.75
6/25/2022;1:00:00 PM;27260.78;7186.62;54227.98;8219.05
6/25/2022;12:00:00 PM;28846.33;7810.96;59308.33;8368.20
6/25/2022;11:00:00 AM;29792.83;7967.66;60441.24;8495.37
6/25/2022;10:00:00 AM;29826.56;7986.68;60435.95;8426.19
6/25/2022;9:00:00 AM;29581.00;8059.33;60545.79;8458.58
6/25/2022;8:00:00 AM;29588.36;8074.68;60402.86;8435.46
6/25/2022;7:00:00 AM;29464.10;7916.20;59858.00;8444.41
6/25/2022;6:00:00 AM;29063.89;7807.39;59394.59;8375.05
6/25/2022;5:00:00 AM;29335.95;7822.62;59484.10;8384.09
6/25/2022;4:00:00 AM;29129.82;7855.82;54934.53;8493.08
6/25/2022;3:00:00 AM;28413.05;7584.71;52084.99;8338.20
6/25/2022;2:00:00 AM;28178.13;7471.60;52031.28;8332.11
6/25/2022;1:00:00 AM;28227.72;7515.12;52182.02;8362.98
6/25/2022;12:00:00 AM;28377.31;7581.27;52494.66;8423.55
6/24/2022;11:00:00 PM;28252.19;7526.66;52375.05;8358.45
6/24/2022;10:00:00 PM;28789.69;7781.90;53073.89;8473.49
6/24/2022;9:00:00 PM;28843.90;7937.39;53624.51;8460.88
6/24/2022;8:00:00 PM;28976.13;7908.65;53567.14;8417.82
6/24/2022;7:00:00 PM;28104.36;7631.90;52480.80;8407.34
6/24/2022;6:00:00 PM;28588.69;7842.31;53732.46;8405.56
6/24/2022;5:00:00 PM;29972.93;8099.98;55353.69;8474.35
6/24/2022;4:00:00 PM;28037.94;7336.53;51642.16;8233.58
6/24/2022;3:00:00 PM;27931.58;7299.26;51274.21;8249.28
6/24/2022;2:00:00 PM;29989.17;7945.42;54706.20;8441.10
6/24/2022;1:00:00 PM;30066.36;7920.38;55126.06;8386.89
6/24/2022;12:00:00 PM;30140.29;7939.52;54937.65;8399.38
6/24/2022;11:00:00 AM;29878.77;8006.02;55141.61;8359.31
6/24/2022;10:00:00 AM;29488.66;7996.30;54294.33;8424.54
6/24/2022;9:00:00 AM;27788.62;7434.26;51295.30;8250.26
6/24/2022;8:00:00 AM;29941.36;8102.66;55308.71;8504.29
6/24/2022;7:00:00 AM;29500.31;8004.46;54681.07;8457.25
6/24/2022;6:00:00 AM;28026.63;7493.81;51950.25;8306.76
6/24/2022;5:00:00 AM;27745.24;7370.24;51297.79;8286.25
6/24/2022;4:00:00 AM;27692.42;7438.56;51435.43;8309.63
6/24/2022;3:00:00 AM;29412.56;7929.68;54004.59;8414.00
6/24/2022;2:00:00 AM;29037.83;7760.81;53659.58;8339.47
6/24/2022;1:00:00 AM;28157.11;7518.47;52553.65;8322.97
6/24/2022;12:00:00 AM;28247.47;7630.33;52483.64;8371.48
6/23/2022;11:00:00 PM;29864.53;8056.75;54959.50;8423.65
6/23/2022;10:00:00 PM;29670.96;8048.43;55424.79;8457.66
6/23/2022;9:00:00 PM;29985.16;8138.79;55294.82;8426.96
6/23/2022;8:00:00 PM;29836.21;8146.82;55358.40;8524.35
6/23/2022;7:00:00 PM;30041.35;8196.17;55700.29;8568.78
6/23/2022;6:00:00 PM;29868.19;8256.62;55479.29;8556.90
6/23/2022;5:00:00 PM;27815.83;7884.91;52262.92;8350.62
6/23/2022;4:00:00 PM;29091.82;8169.73;54248.78;8449.22
6/23/2022;3:00:00 PM;29834.27;8466.21;56174.08;8696.36
6/23/2022;2:00:00 PM;29788.56;8285.42;56088.87;8694.74
6/23/2022;1:00:00 PM;28085.66;7497.44;52239.16;8257.21
6/23/2022;12:00:00 PM;30069.03;8092.34;55575.20;8557.09
6/23/2022;11:00:00 AM;30273.82;8110.18;55719.21;8606.84
6/23/2022;10:00:00 AM;29267.85;7858.12;53866.21;8297.62
6/23/2022;9:00:00 AM;27714.02;7360.78;51114.05;8150.29
6/23/2022;8:00:00 AM;28017.33;7470.61;51544.88;8199.53
6/23/2022;7:00:00 AM;29939.04;7923.34;54710.59;8361.06
6/23/2022;6:00:00 AM;29631.55;7733.70;54608.82;8401.70
6/23/2022;5:00:00 AM;29811.18;7822.43;54302.90;8385.56
6/23/2022;4:00:00 AM;29817.71;7738.16;54228.78;8296.95
6/23/2022;3:00:00 AM;29652.64;7709.61;54483.29;8393.33
6/23/2022;2:00:00 AM;29727.34;7734.81;54294.33;8311.60
6/23/2022;1:00:00 AM;29790.76;7742.55;54555.88;8345.30
6/23/2022;12:00:00 AM;30093.21;7680.20;54372.56;8347.78
6/22/2022;11:00:00 PM;29777.47;7727.35;54493.89;8459.44
6/22/2022;10:00:00 PM;29644.87;7694.86;54584.10;8426.54
6/22/2022;9:00:00 PM;29911.13;7753.55;54588.09;8449.60
6/22/2022;8:00:00 PM;29893.52;7741.28;54745.41;8464.99
6/22/2022;7:00:00 PM;29844.46;7744.88;54506.19;8502.03
6/22/2022;6:00:00 PM;29992.71;7777.25;54774.05;8607.54
6/22/2022;5:00:00 PM;28570.09;7382.45;52426.46;8483.71
6/22/2022;4:00:00 PM;27903.96;7197.11;51274.02;8473.68
6/22/2022;3:00:00 PM;29397.33;7552.30;53802.32;8534.22
6/22/2022;2:00:00 PM;29943.28;7700.08;54861.80;8646.32
6/22/2022;1:00:00 PM;29961.68;7697.37;54549.70;8667.51
6/22/2022;12:00:00 PM;29784.83;7694.76;54677.59;8686.11
6/22/2022;11:00:00 AM;29973.09;7775.98;55030.85;8673.12
6/22/2022;10:00:00 AM;28905.25;7441.68;51974.55;8638.34
6/22/2022;9:00:00 AM;27686.37;7180.51;50189.31;8516.04
6/22/2022;8:00:00 AM;27747.79;7155.11;50345.01;8451.86
6/22/2022;7:00:00 AM;28290.16;7241.65;51312.21;8450.34
6/22/2022;6:00:00 AM;29588.10;7573.68;58828.77;8590.82
6/22/2022;5:00:00 AM;29724.18;7598.86;58875.69;8582.32
6/22/2022;4:00:00 AM;29474.51;7660.16;58585.82;8614.80
6/22/2022;3:00:00 AM;29598.55;7714.32;58549.22;8699.93
6/22/2022;2:00:00 AM;29663.76;7781.30;58684.35;8677.45
6/22/2022;1:00:00 AM;29621.26;7738.03;59078.44;8729.87
6/22/2022;12:00:00 AM;29653.53;7726.40;60159.75;8730.12
6/21/2022;11:00:00 PM;29686.85;7732.80;60073.65;8780.00
6/21/2022;10:00:00 PM;27688.44;7190.92;55966.91;8601.55
6/21/2022;9:00:00 PM;27788.97;7144.31;56113.82;8600.06
6/21/2022;8:00:00 PM;27730.74;7196.28;56072.88;8618.30
6/21/2022;7:00:00 PM;27896.67;7195.64;56117.29;8669.36
6/21/2022;6:00:00 PM;27945.25;7119.27;56079.38;8576.71
6/21/2022;5:00:00 PM;27841.37;7095.31;56256.11;8643.50
6/21/2022;4:00:00 PM;28197.05;7105.60;56832.95;8710.25
6/21/2022;3:00:00 PM;29919.61;7855.76;60447.77;8981.12
6/21/2022;2:00:00 PM;30165.07;8171.90;61233.51;9152.15
6/21/2022;1:00:00 PM;30165.64;8220.68;60864.70;9163.99
6/21/2022;12:00:00 PM;30068.43;8415.42;61046.46;9223.87
6/21/2022;11:00:00 AM;30172.79;8484.24;61118.07;9253.05
6/21/2022;10:00:00 AM;29997.23;8642.69;61483.08;9302.98
6/21/2022;9:00:00 AM;30199.47;8820.26;61673.57;9154.15
6/21/2022;8:00:00 AM;29719.24;9048.23;60621.82;9885.20
6/21/2022;7:00:00 AM;27459.73;8697.33;56506.38;9621.56
6/21/2022;6:00:00 AM;30264.29;11729.83;61769.19;4409.12
6/21/2022;5:00:00 AM;30287.87;;61983.72;472.63
6/21/2022;4:00:00 AM;30156.56;;62209.57;438.93
6/21/2022;3:00:00 AM;30459.33;;62051.95;470.18
6/21/2022;2:00:00 AM;30147.52;7971.36;60154.14;7041.59
6/21/2022;1:00:00 AM;29796.39;7999.62;59461.39;9287.31
6/21/2022;12:00:00 AM;29549.75;8139.01;60313.00;9201.23
6/20/2022;11:00:00 PM;29643.91;8143.44;60966.38;9284.83
6/20/2022;10:00:00 PM;29644.55;8305.24;62761.46;9356.58
6/20/2022;9:00:00 PM;29300.21;8138.76;61982.39;9308.94
6/20/2022;8:00:00 PM;25589.41;6837.26;55683.60;8765.25
6/20/2022;7:00:00 PM;18987.21;5918.89;50675.43;7819.58
6/20/2022;6:00:00 PM;1969.93;2544.57;2480.07;4913.44
6/20/2022;5:00:00 PM;912.66;1128.36;1677.92;3140.70
6/20/2022;4:00:00 PM;29977.64;7977.57;60478.06;9268.08
6/20/2022;3:00:00 PM;29868.45;8179.06;61385.73;9322.03
6/20/2022;2:00:00 PM;30035.43;8283.03;61669.74;9379.04
6/20/2022;1:00:00 PM;30032.65;8404.30;61914.66;9261.55
6/20/2022;12:00:00 PM;29943.14;8502.82;62274.55;9426.17
6/20/2022;11:00:00 AM;27343.06;8025.20;57138.95;9026.31
6/20/2022;10:00:00 AM;29831.85;8484.59;61703.73;9224.25
6/20/2022;9:00:00 AM;26744.30;7733.35;48240.46;8840.42
6/20/2022;8:00:00 AM;12713.75;5123.81;30379.00;6679.60
6/20/2022;7:00:00 AM;3810.17;1479.32;6097.27;3217.04
6/20/2022;6:00:00 AM;23038.43;4622.94;30695.56;6545.71
6/20/2022;5:00:00 AM;30736.97;7824.34;52571.07;9225.81
6/20/2022;4:00:00 AM;30645.71;7881.57;52776.38;9171.10
6/20/2022;3:00:00 AM;30666.54;7852.25;54245.50;9255.62
6/20/2022;2:00:00 AM;30646.54;7738.35;54003.19;9166.57
6/20/2022;1:00:00 AM;30886.56;7827.12;50124.87;9146.73
6/20/2022;12:00:00 AM;30924.30;7844.38;50225.14;9175.91
6/19/2022;11:00:00 PM;30872.64;7906.74;50538.84;9168.96
6/19/2022;10:00:00 PM;30738.05;7937.14;53574.98;9165.81
6/19/2022;9:00:00 PM;31303.65;8214.65;41057.64;9433.81
6/19/2022;8:00:00 PM;31677.26;8370.65;34713.40;9396.11
6/19/2022;7:00:00 PM;32171.22;8656.68;22672.66;9595.54
6/19/2022;6:00:00 PM;31418.04;8502.05;33580.39;9460.15
6/19/2022;5:00:00 PM;31420.11;8663.72;34472.07;9376.36
6/19/2022;4:00:00 PM;31144.03;8445.05;42090.05;9282.88
6/19/2022;3:00:00 PM;30840.02;8158.32;49874.27;9143.52
6/19/2022;2:00:00 PM;30205.94;7869.36;55459.98;8977.14
6/19/2022;1:00:00 PM;30023.51;7845.50;61103.64;9061.38
6/19/2022;12:00:00 PM;30481.63;7978.24;61279.85;9100.30
6/19/2022;11:00:00 AM;28681.71;7700.30;58967.54;8919.00
6/19/2022;10:00:00 AM;28341.83;7475.96;57723.77;8890.16
6/19/2022;9:00:00 AM;28851.01;7121.75;59074.36;8936.18
6/19/2022;8:00:00 AM;28864.61;7157.06;58747.51;9046.25
6/19/2022;7:00:00 AM;29249.56;7276.19;58697.15;8925.04
6/19/2022;6:00:00 AM;28974.47;7356.80;58951.03;8890.74
6/19/2022;5:00:00 AM;29056.65;7169.45;58944.56;8869.21
6/19/2022;4:00:00 AM;28956.09;7253.57;58770.45;8853.31
6/19/2022;3:00:00 AM;28420.54;7073.48;57955.18;8815.73
6/19/2022;2:00:00 AM;28069.60;6896.74;56718.34;8702.58
6/19/2022;1:00:00 AM;28333.67;7238.88;41881.06;8846.43
6/19/2022;12:00:00 AM;28265.47;7353.07;47174.00;8869.01
6/18/2022;11:00:00 PM;29526.08;7524.27;56932.61;9011.28
6/18/2022;10:00:00 PM;29836.69;7507.60;60134.39;9113.80
6/18/2022;9:00:00 PM;29701.82;7579.23;60393.36;9129.06
6/18/2022;8:00:00 PM;29744.95;7605.45;59876.73;8999.24
6/18/2022;7:00:00 PM;29746.51;7592.87;60174.14;9151.10
6/18/2022;6:00:00 PM;29665.89;7582.10;60633.96;9118.61
6/18/2022;5:00:00 PM;27655.00;7299.51;56650.96;8813.82
6/18/2022;4:00:00 PM;29424.66;7806.82;60070.05;9136.10
6/18/2022;3:00:00 PM;31007.19;8133.21;62678.17;9315.59
6/18/2022;2:00:00 PM;30945.58;8246.99;63055.35;9387.79
6/18/2022;1:00:00 PM;30863.40;8271.88;63092.84;9326.07
6/18/2022;12:00:00 PM;31017.09;8126.59;63325.53;9227.79
6/18/2022;11:00:00 AM;31025.72;8033.26;62424.16;9191.64
6/18/2022;10:00:00 AM;29306.77;7570.08;59019.04;9057.68
6/18/2022;9:00:00 AM;29518.60;7592.39;59357.29;9092.43
6/18/2022;8:00:00 AM;29698.25;7464.72;59497.41;9067.75
6/18/2022;7:00:00 AM;29645.06;7483.90;59676.02;9037.94
6/18/2022;6:00:00 AM;29689.46;7574.19;59777.79;9039.12
6/18/2022;5:00:00 AM;28535.56;7208.83;57672.89;8915.00
6/18/2022;4:00:00 AM;28406.36;7284.79;57148.87;8959.59
6/18/2022;3:00:00 AM;31082.97;7903.55;62047.97;9117.94
6/18/2022;2:00:00 AM;31370.48;8035.40;62433.02;9187.85
6/18/2022;1:00:00 AM;31303.33;7929.97;62804.21;9139.44
6/18/2022;12:00:00 AM;31622.60;8110.50;62602.70;9161.35
6/17/2022;11:00:00 PM;30752.39;8022.18;61829.36;9102.62
6/17/2022;10:00:00 PM;30233.49;7813.64;60444.58;9091.09
6/17/2022;9:00:00 PM;29032.54;7400.29;58269.68;8851.31
6/17/2022;8:00:00 PM;28514.57;7030.82;57269.95;8762.93
6/17/2022;7:00:00 PM;28295.06;7044.58;57238.98;8863.73
6/17/2022;6:00:00 PM;28701.20;7319.97;57760.65;8865.54
6/17/2022;5:00:00 PM;30427.77;7664.81;61112.30;8983.06
6/17/2022;4:00:00 PM;30534.06;7833.04;61143.84;9105.68
6/17/2022;3:00:00 PM;30534.13;7843.14;61285.17;9133.74
6/17/2022;2:00:00 PM;30604.84;7962.53;61690.38;9139.25
6/17/2022;1:00:00 PM;30629.75;7931.81;61787.03;9099.09
6/17/2022;12:00:00 PM;30730.03;7843.65;61739.15;9049.79
6/17/2022;11:00:00 AM;30240.85;7773.43;61518.12;8951.31
6/17/2022;10:00:00 AM;29521.85;7779.58;59615.75;9019.47
6/17/2022;9:00:00 AM;31047.80;8006.18;61794.51;9077.02
6/17/2022;8:00:00 AM;30925.61;8189.01;62318.89;9160.75
6/17/2022;7:00:00 AM;29442.05;7656.21;59505.66;8797.36
6/17/2022;6:00:00 AM;29751.74;7644.07;47678.82;8913.83
6/17/2022;5:00:00 AM;29751.77;7394.01;45735.90;8921.98
6/17/2022;4:00:00 AM;30554.39;7824.18;51642.38;8977.81
6/17/2022;3:00:00 AM;30845.94;7801.37;54706.33;9032.21
6/17/2022;2:00:00 AM;30790.71;7671.21;56113.69;8978.16
6/17/2022;1:00:00 AM;30717.57;7638.94;55882.37;8941.72
6/17/2022;12:00:00 AM;30491.76;7676.18;57500.76;8823.18
6/16/2022;11:00:00 PM;30826.51;7793.50;60914.90;8955.29
6/16/2022;10:00:00 PM;30892.13;7815.68;61381.82;9074.95
6/16/2022;9:00:00 PM;30963.71;7825.59;61362.48;9099.31
6/16/2022;8:00:00 PM;31272.21;7955.74;61660.95;9120.62
6/16/2022;7:00:00 PM;31238.76;7972.18;62019.46;9095.33
6/16/2022;6:00:00 PM;31156.48;8028.64;62024.56;9125.01
6/16/2022;5:00:00 PM;30825.30;7900.27;60972.30;9019.53
6/16/2022;4:00:00 PM;29508.88;7487.88;59019.04;9056.09
6/16/2022;3:00:00 PM;29471.68;7476.63;59036.23;8895.13
6/16/2022;2:00:00 PM;29647.73;7574.96;58782.01;8967.87
6/16/2022;1:00:00 PM;29495.63;7478.03;59031.68;8872.36
6/16/2022;12:00:00 PM;29282.94;7581.36;58835.91;8955.64
6/16/2022;11:00:00 AM;29096.19;7680.90;58679.06;8941.95
6/16/2022;10:00:00 AM;28712.35;7906.01;58588.82;9068.45
6/16/2022;9:00:00 AM;29980.57;7718.53;60164.56;9036.82
6/16/2022;8:00:00 AM;29496.43;7644.64;59378.57;9029.85
6/16/2022;7:00:00 AM;29441.89;7598.63;59348.59;9100.87
6/16/2022;6:00:00 AM;29587.75;7511.20;59375.54;8918.48
6/16/2022;5:00:00 AM;29564.44;7558.17;59393.66;8926.95
6/16/2022;4:00:00 AM;29380.00;7483.51;59401.63;8861.91
6/16/2022;3:00:00 AM;29384.84;7504.54;59316.80;8865.13
6/16/2022;2:00:00 AM;29574.15;7554.25;59368.88;8975.45
6/16/2022;1:00:00 AM;29186.27;7667.01;59507.32;8879.84
6/16/2022;12:00:00 AM;30720.85;8039.35;61987.86;9055.23
6/15/2022;11:00:00 PM;30883.88;7924.96;61728.48;9080.52
6/15/2022;10:00:00 PM;30936.03;8109.99;59553.67;9221.32
6/15/2022;9:00:00 PM;30373.46;7841.77;58720.66;9011.15
6/15/2022;8:00:00 PM;30443.06;7810.67;58402.00;8995.48
6/15/2022;7:00:00 PM;30447.71;7797.36;58437.83;9000.01
6/15/2022;6:00:00 PM;30633.35;7893.58;55364.14;9213.90
6/15/2022;5:00:00 PM;30857.57;8044.13;50411.61;9111.48
6/15/2022;4:00:00 PM;31117.62;8181.96;50696.10;9104.79
6/15/2022;3:00:00 PM;31111.09;7929.55;50512.40;9154.54
6/15/2022;2:00:00 PM;30950.14;8109.57;50709.54;9073.64
6/15/2022;1:00:00 PM;30996.39;8069.08;50949.56;9153.42
6/15/2022;12:00:00 PM;31209.55;8009.49;50918.76;9171.89
6/15/2022;11:00:00 AM;31065.16;7958.99;51192.13;8992.81
6/15/2022;10:00:00 AM;30894.39;7974.13;50904.27;9072.69
6/15/2022;9:00:00 AM;30689.76;8008.51;53475.37;8996.66
6/15/2022;8:00:00 AM;30587.71;8140.26;53831.46;8975.71
6/15/2022;7:00:00 AM;30601.72;8137.96;54140.06;9053.77
6/15/2022;6:00:00 AM;30280.25;7948.25;59305.53;9107.94
6/15/2022;5:00:00 AM;30801.76;8078.48;61966.14;9157.50
6/15/2022;4:00:00 AM;30914.14;8126.78;62401.42;9015.96
6/15/2022;3:00:00 AM;30400.34;7929.42;61152.98;9036.00
6/15/2022;2:00:00 AM;30445.10;7929.27;61133.61;8906.53
6/15/2022;1:00:00 AM;30486.22;7796.91;61493.27;8944.62
6/15/2022;12:00:00 AM;30977.85;8039.09;62475.36;9071.28
6/14/2022;11:00:00 PM;30661.73;7883.99;62738.85;9026.31
6/14/2022;10:00:00 PM;31232.93;8006.69;52659.34;9128.26
6/14/2022;9:00:00 PM;31139.79;8059.01;43004.03;9067.49
6/14/2022;8:00:00 PM;31302.88;8148.57;42907.07;9057.91
6/14/2022;7:00:00 PM;31341.71;8198.34;43250.01;9224.76
6/14/2022;6:00:00 PM;31182.00;8334.20;43560.36;9246.61
6/14/2022;5:00:00 PM;31314.64;8168.65;43610.75;9224.12
6/14/2022;4:00:00 PM;31217.13;8215.64;43567.75;9268.87
6/14/2022;3:00:00 PM;31139.06;8414.33;43637.22;9234.25
6/14/2022;2:00:00 PM;31329.71;8225.93;43793.88;9258.36
6/14/2022;1:00:00 PM;31207.39;8383.27;45112.59;9238.81
6/14/2022;12:00:00 PM;31217.07;8296.54;45436.83;9176.92
6/14/2022;11:00:00 AM;31199.14;8204.90;45387.17;9318.81
6/14/2022;10:00:00 AM;31166.17;8217.59;45725.49;9154.70
6/14/2022;9:00:00 AM;30973.77;8209.40;51026.90;9181.73
6/14/2022;8:00:00 AM;30461.47;7986.65;62436.43;9111.03
6/14/2022;7:00:00 AM;30441.85;8040.43;62434.84;9042.43
6/14/2022;6:00:00 AM;30328.99;8017.52;62509.95;8988.61
6/14/2022;5:00:00 AM;30555.21;7897.47;57673.18;9123.80
6/14/2022;4:00:00 AM;31556.66;8270.70;42025.93;9195.37
6/14/2022;3:00:00 AM;31161.68;8241.32;41723.57;9215.75
6/14/2022;2:00:00 AM;31221.12;8187.99;42092.76;9326.64
6/14/2022;1:00:00 AM;31017.73;8176.13;47712.78;8973.00
6/14/2022;12:00:00 AM;30885.70;8075.03;49561.57;9093.77
6/13/2022;11:00:00 PM;31145.21;8192.48;43693.63;9119.15
6/13/2022;10:00:00 PM;31341.40;8230.20;41218.98;9333.05
6/13/2022;9:00:00 PM;31219.27;8217.71;41279.05;9132.82
6/13/2022;8:00:00 PM;31428.42;8272.48;41244.40;9095.81
6/13/2022;7:00:00 PM;31254.12;8247.70;41438.64;9277.06
6/13/2022;6:00:00 PM;31281.13;8185.02;41524.62;9172.66
6/13/2022;5:00:00 PM;31284.09;8284.30;41498.72;9269.16
6/13/2022;4:00:00 PM;31150.34;8281.56;41837.68;9271.26
6/13/2022;3:00:00 PM;31033.24;8361.73;41617.34;9278.01
6/13/2022;2:00:00 PM;31068.98;8375.49;41370.45;9207.59
6/13/2022;1:00:00 PM;31233.09;8448.30;41754.19;9263.84
6/13/2022;12:00:00 PM;31088.60;8333.12;41660.54;9270.91
6/13/2022;11:00:00 AM;31053.15;8272.42;41767.76;9263.33
6/13/2022;10:00:00 AM;30969.22;8249.67;41667.67;9284.64
6/13/2022;9:00:00 AM;30960.49;8280.77;41443.84;9246.83
6/13/2022;8:00:00 AM;31015.82;8335.22;41531.18;9172.24
6/13/2022;7:00:00 AM;31055.25;8351.34;41627.73;9234.03
6/13/2022;6:00:00 AM;31144.54;8172.47;41387.27;9210.84
6/13/2022;5:00:00 AM;31072.49;8326.01;41337.64;9210.78
6/13/2022;4:00:00 AM;31036.62;8142.87;41559.05;9239.60
6/13/2022;3:00:00 AM;30968.13;8224.47;41596.10;9070.49
6/13/2022;2:00:00 AM;31153.01;8245.43;41316.84;9118.17
6/13/2022;1:00:00 AM;31046.05;8276.98;41537.74;9181.35
6/13/2022;12:00:00 AM;31154.99;8147.04;41835.73;9255.24
6/12/2022;11:00:00 PM;30960.11;8270.44;41517.83;9202.69
6/12/2022;10:00:00 PM;31212.45;8037.25;41756.00;9039.66
6/12/2022;9:00:00 PM;30970.27;8072.29;42763.73;9082.69
6/12/2022;8:00:00 PM;30485.55;8038.01;52482.75;8937.46
6/12/2022;7:00:00 PM;30322.59;7942.17;61627.22;8964.43
6/12/2022;6:00:00 PM;30245.88;7912.25;62205.23;8980.10
6/12/2022;5:00:00 PM;31164.16;7991.49;47418.39;9100.58
6/12/2022;4:00:00 PM;31750.40;8366.48;33161.90;9082.46
6/12/2022;3:00:00 PM;31891.38;8081.06;33473.17;9067.30
6/12/2022;2:00:00 PM;31709.27;8241.10;33390.10;9151.06
6/12/2022;1:00:00 PM;31693.35;8256.11;33464.51;9166.22
6/12/2022;12:00:00 PM;31580.30;8375.94;33372.07;9278.27
6/12/2022;11:00:00 AM;31594.15;8387.57;33699.84;9162.82
6/12/2022;10:00:00 AM;31539.81;8428.51;33627.98;9177.40
6/12/2022;9:00:00 AM;31404.47;8267.48;39283.29;9244.95
6/12/2022;8:00:00 AM;31188.63;8286.98;42985.27;9219.86
6/12/2022;7:00:00 AM;30974.54;8290.26;42842.69;9276.67
6/12/2022;6:00:00 AM;31192.10;8345.89;43186.97;9292.54
6/12/2022;5:00:00 AM;31299.67;8409.20;43102.78;9136.29
6/12/2022;4:00:00 AM;30898.92;8234.25;43253.51;9152.53
6/12/2022;3:00:00 AM;30806.76;8419.62;42915.89;9232.66
6/12/2022;2:00:00 AM;30968.26;8328.40;42873.72;9177.15
6/12/2022;1:00:00 AM;30927.87;8352.27;42967.27;9235.46
6/12/2022;12:00:00 AM;31064.21;8398.88;42943.89;9353.43
6/11/2022;11:00:00 PM;31035.79;8341.02;43127.88;9120.74
6/11/2022;10:00:00 PM;31043.09;8335.22;42944.30;9085.23
6/11/2022;9:00:00 PM;30974.66;8358.67;42825.14;9193.52
6/11/2022;8:00:00 PM;30964.98;8329.01;43020.72;9127.88
6/11/2022;7:00:00 PM;30942.71;8295.90;43093.32;9182.72
6/11/2022;6:00:00 PM;30792.59;8320.25;43075.19;9216.26
6/11/2022;5:00:00 PM;30801.44;8245.85;48249.93;9308.43
6/11/2022;4:00:00 PM;30118.63;8050.37;61748.45;9153.80
6/11/2022;3:00:00 PM;29659.14;8014.21;61327.19;9250.18
6/11/2022;2:00:00 PM;29490.28;7864.94;55431.83;9145.68
6/11/2022;1:00:00 PM;29683.79;7902.50;48442.67;9042.97
6/11/2022;12:00:00 PM;30252.83;8127.45;39980.95;9131.22
6/11/2022;11:00:00 AM;29832.61;7904.48;39817.61;9089.92
6/11/2022;10:00:00 AM;30028.04;7900.08;39837.16;9151.35
6/11/2022;9:00:00 AM;31365.10;8357.81;41011.17;9528.09
6/11/2022;8:00:00 AM;31127.63;8389.00;41027.61;9253.27
6/11/2022;7:00:00 AM;31215.13;8418.79;41019.26;9342.95
6/11/2022;6:00:00 AM;31228.31;8451.29;41215.48;9301.71
6/11/2022;5:00:00 AM;31221.08;8447.63;41294.22;9443.05
6/11/2022;4:00:00 AM;30843.20;8257.25;40997.31;9359.48
6/11/2022;3:00:00 AM;30835.30;8162.02;40663.96;9122.72
6/11/2022;2:00:00 AM;30568.88;8035.21;39981.43;9059.50
6/11/2022;1:00:00 AM;30327.97;7823.42;39858.22;9035.68
6/11/2022;12:00:00 AM;30238.27;7892.24;40203.16;9111.48
6/10/2022;11:00:00 PM;29952.67;7780.79;46628.41;9224.98
6/10/2022;10:00:00 PM;29746.42;7654.84;51216.27;9170.11
6/10/2022;9:00:00 PM;29358.63;7517.83;59261.22;9488.08
6/10/2022;8:00:00 PM;27665.03;6954.19;56312.84;9364.86
6/10/2022;7:00:00 PM;27473.94;6899.99;55607.34;9341.20
6/10/2022;6:00:00 PM;27465.37;6831.36;55714.91;9376.84
6/10/2022;5:00:00 PM;27376.98;6857.58;55827.42;9460.98
6/10/2022;4:00:00 PM;27901.00;7034.32;56762.93;9393.49
6/10/2022;3:00:00 PM;28995.08;7344.85;57898.58;9583.63
6/10/2022;2:00:00 PM;29115.36;7544.66;58477.93;9707.84
6/10/2022;1:00:00 PM;29314.00;7622.75;58975.27;9747.08
6/10/2022;12:00:00 PM;29853.99;7779.04;59475.69;9694.68
6/10/2022;11:00:00 AM;29949.90;7901.48;59987.42;9858.48
6/10/2022;10:00:00 AM;29913.11;7965.21;59992.32;9747.62
6/10/2022;9:00:00 AM;30153.16;4534.84;60526.19;9723.86
6/10/2022;8:00:00 AM;30021.54;3876.47;60447.64;9558.85
6/10/2022;7:00:00 AM;30279.97;3869.59;60469.55;7283.12
6/10/2022;6:00:00 AM;30034.53;3878.38;60677.50;7277.58
6/10/2022;5:00:00 AM;30210.88;3893.64;60885.66;7317.55
6/10/2022;4:00:00 AM;30205.46;3921.55;60876.77;7354.53
6/10/2022;3:00:00 AM;30108.78;3914.29;60866.74;7350.42
6/10/2022;2:00:00 AM;29839.81;3910.05;60301.66;7372.62
6/10/2022;1:00:00 AM;29462.44;3836.51;59535.64;7326.60
6/10/2022;12:00:00 AM;28952.24;3805.70;58557.57;7311.12
6/9/22;11:00:00 PM;29003.43;3800.99;58755.00;7293.70
6/9/22;10:00:00 PM;28479.28;3804.78;58104.32;7231.21
6/9/22;9:00:00 PM;28367.56;3748.10;57752.37;7329.97
6/9/22;8:00:00 PM;28212.31;3765.11;57134.89;7217.01
6/9/22;7:00:00 PM;28101.27;3778.75;57168.65;7228.31
6/9/22;6:00:00 PM;28227.72;3806.09;57369.71;7271.59
6/9/22;5:00:00 PM;28144.30;3837.28;57558.03;7248.41
6/9/22;4:00:00 PM;28083.56;3818.64;57444.98;7283.76
6/9/22;3:00:00 PM;28025.23;3782.25;57652.03;7366.53
6/9/22;2:00:00 PM;29753.33;3869.65;60519.22;7480.14
6/9/22;1:00:00 PM;30620.32;3951.73;62030.77;7628.04
6/9/22;12:00:00 PM;29872.11;3919.20;60606.66;7451.09
6/9/22;11:00:00 AM;29430.04;3824.69;59067.26;7329.30
6/9/22;10:00:00 AM;28778.86;3802.36;58442.64;7275.23
6/9/22;9:00:00 AM;28822.28;3806.79;57999.43;7258.86
6/9/22;8:00:00 AM;28701.52;3800.32;57811.68;7283.76
6/9/22;7:00:00 AM;28386.90;3739.75;57652.00;7279.21
6/9/22;6:00:00 AM;28511.99;3758.71;57638.49;7190.54
6/9/22;5:00:00 AM;28556.42;3779.67;57744.70;7120.16
6/9/22;4:00:00 AM;27989.75;3763.14;57393.60;7208.53
6/9/22;3:00:00 AM;28010.13;3730.10;57169.16;7216.40
6/9/22;2:00:00 AM;28436.02;3755.52;50527.82;7193.31
6/9/22;1:00:00 AM;28297.90;3771.61;50572.19;7154.93
6/9/22;12:00:00 AM;28326.31;3778.65;50778.82;7160.92
6/8/22;11:00:00 PM;28327.24;3829.95;50667.11;7144.14
6/8/22;10:00:00 PM;28186.03;3800.61;50721.36;7231.50
6/8/22;9:00:00 PM;28463.32;3905.59;50590.98;7278.47
6/8/22;8:00:00 PM;28363.84;3872.30;50559.77;7333.41
6/8/22;7:00:00 PM;28739.74;4042.12;51250.26;7373.67
6/8/22;6:00:00 PM;28850.69;4071.12;51788.08;7367.49
6/8/22;5:00:00 PM;28804.25;4044.61;51401.47;7412.43
6/8/22;4:00:00 PM;29023.24;4119.10;52269.39;7454.50
6/8/22;3:00:00 PM;29551.54;4149.34;52717.38;7536.92
6/8/22;2:00:00 PM;29574.79;4166.83;52850.34;7521.29
6/8/22;1:00:00 PM;29626.36;4213.60;52634.24;7510.01
6/8/22;12:00:00 PM;29482.03;4241.90;52612.87;7664.92
6/8/22;11:00:00 AM;29339.71;4211.75;52654.75;7658.33
6/8/22;10:00:00 AM;29386.98;4286.82;52697.28;7707.34
6/8/22;9:00:00 AM;29412.94;4297.46;52926.79;7703.17
6/8/22;8:00:00 AM;29337.57;4346.69;52705.21;7786.93
6/8/22;7:00:00 AM;29386.28;4328.72;52743.91;7718.56
6/8/22;6:00:00 AM;29416.83;4252.89;52735.54;7790.15
6/8/22;5:00:00 AM;29583.84;4409.24;47684.27;7832.16
6/8/22;4:00:00 AM;29670.48;4506.67;45745.33;7940.09
6/8/22;3:00:00 AM;29757.98;4526.84;45633.81;7863.72
6/8/22;2:00:00 AM;29734.73;3718.05;49891.67;3770.81
6/8/22;1:00:00 AM;30356.92;544.57;47635.69;622.14
6/8/22;12:00:00 AM;30217.34;577.42;47464.32;561.68
6/7/22;11:00:00 PM;30287.20;551.36;47666.68;576.44
6/7/22;10:00:00 PM;30137.71;563.41;48654.34;572.09
6/7/22;9:00:00 PM;29372.07;452.74;60176.44;537.06
6/7/22;8:00:00 PM;29398.99;446.87;59656.59;547.99
6/7/22;7:00:00 PM;30126.81;567.78;49222.96;576.02
6/7/22;6:00:00 PM;30181.82;529.39;49468.75;619.24
6/7/22;5:00:00 PM;30467.90;539.36;49819.96;603.67
6/7/22;4:00:00 PM;30615.00;532.91;50177.33;601.32
6/7/22;3:00:00 PM;31073.38;540.41;50582.93;573.19
6/7/22;2:00:00 PM;30946.12;573.79;50445.41;606.98
6/7/22;1:00:00 PM;31037.67;589.62;50274.26;610.56
6/7/22;12:00:00 PM;31295.56;583.75;50961.57;656.69
6/7/22;11:00:00 AM;31046.49;590.09;50698.27;596.04
6/7/22;10:00:00 AM;31113.16;544.38;50730.47;630.80
6/7/22;9:00:00 AM;30917.33;546.33;55816.14;603.24
6/7/22;8:00:00 AM;30629.40;465.31;61436.51;566.30
6/7/22;7:00:00 AM;30459.27;490.84;61283.13;647.60
6/7/22;6:00:00 AM;30231.96;474.11;61297.95;624.01
6/7/22;5:00:00 AM;30354.89;434.60;61376.53;627.35
6/7/22;4:00:00 AM;30429.77;454.61;61606.00;638.91
6/7/22;3:00:00 AM;29961.62;2871.36;60595.76;3486.98
6/7/22;2:00:00 AM;29140.46;3857.07;55585.01;7028.34
6/7/22;1:00:00 AM;29576.86;3896.73;46387.44;7052.03
6/7/22;12:00:00 AM;29794.71;3925.51;42713.84;7103.98
6/6/22;11:00:00 PM;29883.80;4031.00;42597.26;7241.63
6/6/22;10:00:00 PM;29690.42;4015.96;42927.77;7242.10
6/6/22;9:00:00 PM;30005.26;4053.94;40632.01;7218.85
6/6/22;8:00:00 PM;30035.65;4089.09;40260.57;7236.72
6/6/22;7:00:00 PM;29896.51;4102.82;40488.00;7317.52
6/6/22;6:00:00 PM;29621.80;4161.41;45290.46;7446.12
6/6/22;5:00:00 PM;29488.72;4198.79;49022.03;7461.57
6/6/22;4:00:00 PM;29468.17;4247.19;49382.36;7555.91
6/6/22;3:00:00 PM;29497.32;4283.48;49609.67;7661.96
6/6/22;2:00:00 PM;29188.44;4332.61;49237.14;7462.91
6/6/22;1:00:00 PM;29270.46;3549.71;56670.59;2969.61
6/6/22;12:00:00 PM;29422.34;486.85;59551.91;645.47
6/6/22;11:00:00 AM;29348.69;465.35;59410.23;653.62
6/6/22;10:00:00 AM;29261.03;472.08;59660.57;650.39
6/6/22;9:00:00 AM;29314.83;448.04;59742.50;654.32
6/6/22;8:00:00 AM;29298.71;465.22;59620.37;648.97
6/6/22;7:00:00 AM;29228.09;405.60;59798.27;630.82
6/6/22;6:00:00 AM;29418.48;484.05;59534.71;591.42
6/6/22;5:00:00 AM;29711.76;500.70;50594.80;658.15
6/6/22;4:00:00 AM;30552.76;615.94;39498.18;683.04
6/6/22;3:00:00 AM;30578.44;596.66;35583.45;753.15
6/6/22;2:00:00 AM;30311.21;4353.20;34546.96;5569.96
6/6/22;1:00:00 AM;30096.07;5398.94;32485.77;8170.48
6/6/22;12:00:00 AM;30085.05;5213.18;32723.40;8187.68
6/5/22;11:00:00 PM;29815.44;5245.27;38998.93;8205.64
6/5/22;10:00:00 PM;29550.23;5208.98;45565.90;8029.97
6/5/22;9:00:00 PM;28579.93;5079.58;57989.93;8023.69
6/5/22;8:00:00 PM;28669.28;5163.70;58102.38;8059.33
6/5/22;7:00:00 PM;28786.31;5142.19;58040.68;7995.38
6/5/22;6:00:00 PM;28845.05;5125.18;57984.17;7981.91
6/5/22;5:00:00 PM;28932.04;5190.24;58158.22;8051.72
6/5/22;4:00:00 PM;28844.92;5173.58;58215.59;8122.55
6/5/22;3:00:00 PM;28780.16;5204.04;58696.48;7976.46
6/5/22;2:00:00 PM;28886.37;5166.95;58409.07;8013.95
6/5/22;1:00:00 PM;28790.07;5242.53;58820.36;8081.31
6/5/22;12:00:00 PM;27563.96;5108.32;56562.66;7931.65
6/5/22;11:00:00 AM;27359.68;5109.34;56466.66;7958.98
6/5/22;10:00:00 AM;24533.55;4705.20;51260.45;7661.86
6/5/22;9:00:00 AM;28023.70;5146.43;47418.48;8088.95
6/5/22;8:00:00 AM;28735.31;5176.41;40793.25;8170.36
6/5/22;7:00:00 AM;28636.38;5167.17;41116.86;7985.19
6/5/22;6:00:00 AM;28585.19;5171.54;41154.19;7961.88
6/5/22;5:00:00 AM;28572.26;5222.17;41081.82;8067.61
6/5/22;4:00:00 AM;29080.74;5302.52;33860.74;8103.06
6/5/22;3:00:00 AM;27199.07;5075.44;56627.46;7934.90
6/5/22;2:00:00 AM;27067.61;5081.49;57610.53;7948.47
6/5/22;1:00:00 AM;26504.15;5032.62;57103.10;7920.22
6/5/22;12:00:00 AM;25920.40;4890.45;56773.25;7851.17
6/4/22;11:00:00 PM;24647.14;4719.60;55546.05;7656.86
6/4/22;10:00:00 PM;13188.63;3577.83;12906.11;6444.75
6/4/22;9:00:00 PM;4648.72;2669.50;1817.89;4353.80
6/4/22;8:00:00 PM;28948.42;4349.69;27604.44;7323.99
6/4/22;7:00:00 PM;29598.90;5747.60;38534.64;9223.30
6/4/22;6:00:00 PM;29783.14;5788.16;38814.29;9256.99
6/4/22;5:00:00 PM;28816.89;5660.11;54532.95;9118.01
6/4/22;4:00:00 PM;28754.14;6728.76;56206.76;9061.79
6/4/22;3:00:00 PM;28634.21;7631.27;38518.38;9127.32
6/4/22;2:00:00 PM;21999.88;;45554.70;
6/4/22;1:00:00 PM;18250.66;;22796.80;
6/4/22;12:00:00 PM;18862.71;;11414.11;
6/4/22;11:00:00 AM;19360.72;;13609.42;
6/4/22;10:00:00 AM;19207.82;;28476.26;
6/4/22;9:00:00 AM;20353.24;;27754.01;
6/4/22;8:00:00 AM;19013.33;;34137.38;
6/4/22;7:00:00 AM;18677.02;;38791.69;
6/4/22;6:00:00 AM;18813.87;;38867.98;
6/4/22;5:00:00 AM;17839.72;;37231.41;
6/4/22;4:00:00 AM;17309.10;;36089.56;
6/4/22;3:00:00 AM;17801.08;;36823.75;
6/4/22;2:00:00 AM;18185.75;;33938.73;
6/4/22;1:00:00 AM;18262.64;;31993.49;
6/4/22;12:00:00 AM;18101.88;;31967.27;
6/3/22;11:00:00 PM;18183.32;;32111.88;
6/3/22;10:00:00 PM;18252.19;;32009.51;
6/3/22;9:00:00 PM;17375.53;;29410.97;
6/3/22;8:00:00 PM;17590.07;;17882.43;
6/3/22;7:00:00 PM;17282.76;;23510.62;
6/3/22;6:00:00 PM;16610.71;;34837.29;
6/3/22;5:00:00 PM;17320.95;;35978.82;
6/3/22;4:00:00 PM;17725.85;;36818.93;
6/3/22;3:00:00 PM;26424.05;;39029.46;
6/3/22;2:00:00 PM;30420.51;;38888.59;
6/3/22;1:00:00 PM;30318.88;;38660.81;
6/3/22;12:00:00 PM;29251.60;;37448.76;
6/3/22;11:00:00 AM;31267.24;;39712.24;
6/3/22;10:00:00 AM;31488.75;;39853.19;
6/3/22;9:00:00 AM;20848.42;;;
6/3/22;8:00:00 AM;860.81;;;
6/3/22;7:00:00 AM;850.36;;;
6/3/22;6:00:00 AM;795.31;;;
6/3/22;5:00:00 AM;752.41;;;
6/3/22;4:00:00 AM;745.38;;;
6/3/22;3:00:00 AM;740.72;;;
6/3/22;2:00:00 AM;732.40;;;
6/3/22;1:00:00 AM;723.82;;;
6/3/22;12:00:00 AM;801.18;;;
6/2/22;11:00:00 PM;802.24;;;
6/2/22;10:00:00 PM;799.41;;;
6/2/22;9:00:00 PM;842.95;;;
6/2/22;8:00:00 PM;856.21;;;
6/2/22;7:00:00 PM;869.25;;;
6/2/22;6:00:00 PM;882.53;;;
6/2/22;5:00:00 PM;878.48;;;
6/2/22;4:00:00 PM;;;;
6/2/22;3:00:00 PM;;;;
6/2/22;2:00:00 PM;;;;
6/2/22;1:00:00 PM;;;;
6/2/22;12:00:00 PM;;;;
6/2/22;11:00:00 AM;;;;
6/2/22;10:00:00 AM;;;;
6/2/22;9:00:00 AM;;;;
6/2/22;8:00:00 AM;;;;
6/2/22;7:00:00 AM;;;;
6/2/22;6:00:00 AM;;;;
6/2/22;5:00:00 AM;;;;
6/2/22;4:00:00 AM;;;;
6/2/22;3:00:00 AM;;;;
6/2/22;2:00:00 AM;;;;
6/2/22;1:00:00 AM;;;;
6/2/22;12:00:00 AM;;;;
6/1/22;11:00:00 PM;;;;
6/1/22;10:00:00 PM;;;;
6/1/22;9:00:00 PM;;;;
6/1/22;8:00:00 PM;;;;
6/1/22;7:00:00 PM;;;;
6/1/22;6:00:00 PM;;;;
6/1/22;5:00:00 PM;;;;
6/1/22;4:00:00 PM;;;;
6/1/22;3:00:00 PM;;;;
6/1/22;2:00:00 PM;;;;
6/1/22;1:00:00 PM;;;;
6/1/22;12:00:00 PM;;;;
6/1/22;11:00:00 AM;;;;
6/1/22;10:00:00 AM;;;;
6/1/22;9:00:00 AM;;;;
6/1/22;8:00:00 AM;;;;
6/1/22;7:00:00 AM;;;;
6/1/22;6:00:00 AM;;;;
6/1/22;5:00:00 AM;;;;
6/1/22;4:00:00 AM;;;;
6/1/22;3:00:00 AM;;;;
6/1/22;2:00:00 AM;;;;
6/1/22;1:00:00 AM;;;;
6/1/22;12:00:00 AM;;;;
5/31/2022;11:00:00 PM;;;;
5/31/2022;10:00:00 PM;;;;
5/31/2022;9:00:00 PM;;;;
5/31/2022;8:00:00 PM;;;;
5/31/2022;7:00:00 PM;;;;
5/31/2022;6:00:00 PM;;;;
5/31/2022;5:00:00 PM;;;;
5/31/2022;4:00:00 PM;;;;
5/31/2022;3:00:00 PM;;;;
5/31/2022;2:00:00 PM;;;;
5/31/2022;1:00:00 PM;;;;
5/31/2022;12:00:00 PM;;;;
5/31/2022;11:00:00 AM;;;;
5/31/2022;10:00:00 AM;;;;
5/31/2022;9:00:00 AM;;;;
5/31/2022;8:00:00 AM;;;;
5/31/2022;7:00:00 AM;;;;
5/31/2022;6:00:00 AM;;;;
5/31/2022;5:00:00 AM;;;;
5/31/2022;4:00:00 AM;;;;
5/31/2022;3:00:00 AM;;;;
5/31/2022;2:00:00 AM;;;;
5/31/2022;1:00:00 AM;;;;
5/31/2022;12:00:00 AM;;;;
5/30/2022;11:00:00 PM;;;;
5/30/2022;10:00:00 PM;;;;
5/30/2022;9:00:00 PM;;;;
5/30/2022;8:00:00 PM;;;;
5/30/2022;7:00:00 PM;;;;
5/30/2022;6:00:00 PM;;;;
5/30/2022;5:00:00 PM;;;;
5/30/2022;4:00:00 PM;;;;